kinetics example 1: constant-pressure ignition,
time (s),Temperature (K),Density (kg/m3),Pressure (Pa),H2,H,O,O2,OH,H2O,HO2,H2O2,C,CH,CH2,CH2(S),CH3,CH4,CO,CO2,HCO,CH2O,CH2OH,CH3O,CH3OH,C2H,C2H2,C2H3,C2H4,C2H5,C2H6,HCCO,CH2CO,HCCOH,N,NH,NH2,NH3,NNH,NO,NO2,N2O,HNO,CN,HCN,H2CN,HCNN,HCNO,HOCN,HNCO,NCO,N2,AR,C3H7,C3H8,CH2CHO,CH3CHO,
0,1001,0.257549,101325,0.285714,0,0,0.142857,0,0,0,0,0,0,0,0,0,0,0,0,0,0,0,0,0,0,0,0,0,0,0,0,0,0,0,0,0,0,0,0,0,0,0,0,0,0,0,0,0,0,0,0.571429,0,0,0,0,0,
1e-05,1001,0.257549,101325,0.285714,3.17862e-10,3.13093e-11,0.142857,1.0686e-11,2.14233e-10,4.83708e-10,4.76524e-13,0,0,0,0,0,0,0,0,0,0,0,0,0,0,0,0,0,0,0,0,0,0,9.87262e-25,6.36401e-24,2.70258e-25,1.13985e-25,1.05436e-16,1.44368e-23,4.29597e-31,1.37437e-17,3.2141e-25,0,0,0,0,0,0,0,0,0.571429,0,0,0,0,0,
2e-05,1001,0.257549,101325,0.285714,7.98803e-10,8.4295e-11,0.142857,2.80523e-11,1.06628e-09,1.42047e-09,2.51383e-12,0,0,0,0,0,0,0,0,0,0,0,0,0,0,0,0,0,0,0,0,0,0,2.9567e-24,6.63734e-23,4.17169e-24,3.529e-24,2.64996e-16,1.50195e-22,2.28864e-29,7.14872e-17,4.95878e-24,0,0,0,0,0,0,0,0,0.571429,0,0,0,0,0,
3e-05,1001,0.257549,101325,0.285714,1.54163e-09,1.66128e-10,0.142857,5.48746e-11,2.90721e-09,3.05532e-09,7.38489e-12,0,0,0,0,0,0,0,0,0,0,0,0,0,0,0,0,0,0,0,0,0,0,6.0001e-24,3.02023e-22,2.20621e-23,2.70557e-23,5.1144e-16,7.26463e-22,3.1772e-28,1.9798e-16,2.62173e-23,0,0,0,0,0,0,0,0,0.571429,0,0,0,0,0,
4e-05,1001,0.257549,101325,0.285714,2.68935e-09,2.9256e-10,0.142857,9.63177e-11,6.27568e-09,5.76808e-09,1.70536e-11,0,0,0,0,0,0,0,0,0,0,0,0,0,0,0,0,0,0,0,0,0,0,1.07027e-23,1.01695e-21,7.98687e-23,1.2306e-22,8.92214e-16,2.59594e-21,2.5598e-27,4.30936e-16,9.48966e-23,0,0,0,0,0,0,0,0,0.571429,0,0,0,0,0,
5e-05,1001,0.257549,101325,0.285714,4.46314e-09,4.87956e-10,0.142857,1.60371e-10,1.20049e-08,1.01461e-08,3.45555e-11,0,0,0,0,0,0,0,0,0,0,0,0,0,0,0,0,0,0,0,0,0,0,1.79731e-23,2.96411e-21,2.42104e-22,4.3272e-22,1.4807e-15,7.93284e-21,1.54983e-26,8.28683e-16,2.87631e-22,0,0,0,0,0,0,0,0,0.571429,0,0,0,0,0,
6e-05,1001,0.257549,101325,0.285714,7.20506e-09,7.8999e-10,0.142857,2.59394e-10,2.13832e-08,1.70973e-08,6.4585e-11,0,0,0,0,0,0,0,0,0,0,0,0,0,0,0,0,0,0,0,0,0,0,2.92239e-23,7.98784e-21,6.67382e-22,1.31661e-21,2.39037e-15,2.21401e-20,7.9101e-26,1.4814e-15,7.92834e-22,0,0,0,0,0,0,0,0,0.571429,0,0,0,0,0,
7e-05,1001,0.257549,101325,0.285714,1.14441e-08,1.25693e-09,0.142857,4.12507e-10,3.64035e-08,2.80254e-08,1.14409e-10,0,0,0,0,0,0,0,0,0,0,0,0,0,0,0,0,0,0,0,0,0,0,4.66669e-23,2.05673e-20,1.74192e-21,3.67149e-21,3.79674e-15,5.84486e-20,3.62212e-25,2.52854e-15,2.06927e-21,0,0,0,0,0,0,0,0,0.571429,0,0,0,0,0,
8e-05,1001,0.257549,101325,0.285714,1.79986e-08,1.97892e-09,0.142857,6.49313e-10,6.01487e-08,4.51004e-08,1.95287e-10,0,0,0,0,0,0,0,0,0,0,0,0,0,0,0,0,0,0,0,0,0,0,7.38269e-23,5.15224e-20,4.40029e-21,9.69504e-21,5.97131e-15,1.48983e-19,1.54528e-24,4.18575e-15,5.22701e-21,0,0,0,0,0,0,0,0,0.571429,0,0,0,0,0,
9e-05,1001,0.257549,101325,0.285714,2.8135e-08,3.09543e-09,0.142857,1.01567e-09,9.73904e-08,7.16767e-08,3.24697e-10,0,0,0,0,0,0,0,0,0,0,0,0,0,0,0,0,0,0,0,0,0,0,1.16545e-22,1.26899e-19,1.08946e-20,2.47251e-20,9.33423e-15,3.71323e-19,6.28959e-24,6.78661e-15,1.2941e-20,0,0,0,0,0,0,0,0,0.571429,0,0,0,0,0,
0.0001,1001,0.257549,101325,0.285714,4.38138e-08,4.82239e-09,0.142857,1.58268e-09,1.55516e-07,1.12939e-07,5.29826e-10,0,0,0,0,0,0,0,0,0,0,0,0,0,0,0,0,0,0,0,0,0,0,1.85308e-22,3.09268e-19,2.66383e-20,6.16528e-20,1.45359e-14,9.12186e-19,2.48003e-23,1.08471e-14,3.16402e-20,0,0,0,0,0,0,0,0,0.571429,0,0,0,0,0,
0.00011,1001,0.257548,101325,0.285714,6.80726e-08,7.49432e-09,0.142857,2.46079e-09,2.45976e-07,1.76899e-07,8.53109e-10,0,0,0,0,0,0,0,0,0,0,0,0,0,0,0,0,0,0,0,0,0,0,3.01733e-22,7.48805e-19,6.46276e-20,1.51514e-19,2.25842e-14,2.22021e-18,9.57339e-23,1.71659e-14,7.67576e-20,0,0,0,0,0,0,0,0,0.571429,0,0,0,0,0,
0.00012,1001,0.257548,101325,0.285714,1.05623e-07,1.163e-08,0.142857,3.82198e-09,3.86536e-07,2.75937e-07,1.36112e-09,0,0,0,0,0,0,0,0,0,0,0,0,0,0,0,0,0,0,0,0,0,0,5.19319e-22,1.80587e-18,1.56049e-19,3.68891e-19,3.50424e-14,5.37249e-18,3.64338e-22,2.69795e-14,1.85318e-19,0,0,0,0,0,0,0,0,0.571429,0,0,0,0,0,
0.00013,1001,0.257548,101325,0.285714,1.63787e-07,1.80355e-08,0.142856,5.93505e-09,6.04817e-07,4.29171e-07,2.15912e-09,0,0,0,0,0,0,0,0,0,0,0,0,0,0,0,0,0,0,0,0,0,0,9.95421e-22,4.34569e-18,3.75759e-19,8.92869e-19,5.43394e-14,1.29551e-17,1.3735e-21,4.22044e-14,4.46168e-19,0,0,0,0,0,0,0,0,0.571429,0,0,0,0,0,
0.00014,1001.01,0.257548,101325,0.285713,2.53971e-07,2.79663e-08,0.142856,9.22258e-09,9.43896e-07,6.66109e-07,3.41536e-09,0,0,0,0,0,0,0,0,0,0,0,0,0,0,0,0,0,0,0,0,0,0,2.25144e-21,1.04485e-17,9.03632e-19,2.15352e-18,8.42604e-14,3.11829e-17,5.14574e-21,6.58139e-14,1.07269e-18,0,0,0,0,0,0,0,0,0.571429,0,0,0,0,0,
0.00015,1001.01,0.257547,101325,0.285712,3.94025e-07,4.33857e-08,0.142855,1.43547e-08,1.47126e-06,1.03226e-06,5.4032e-09,0,0,0,0,0,0,0,0,0,0,0,0,0,0,0,0,0,0,0,0,0,0,6.13378e-21,2.51287e-17,2.17281e-18,5.18468e-18,1.30727e-13,7.5021e-17,1.92019e-20,1.02432e-13,2.57835e-18,0,0,0,0,0,0,0,0,0.571429,0,0,0,0,0,
0.00016,1001.01,0.257546,101325,0.285711,6.12052e-07,6.7383e-08,0.142855,2.24081e-08,2.29337e-06,1.59769e-06,8.57674e-09,0,0,0,0,0,0,0,0,0,0,0,0,0,0,0,0,0,0,0,0,0,0,1.94116e-20,6.05228e-17,5.22994e-18,1.24768e-17,2.03066e-13,1.80626e-16,7.14867e-20,1.59267e-13,6.20246e-18,0,0,0,0,0,0,0,0,0.571429,0,0,0,0,0,
0.00017,1001.02,0.257544,101325,0.28571,9.52726e-07,1.04864e-07,0.142853,3.51452e-08,3.57999e-06,2.47002e-06,1.37127e-08,0,0,0,0,0,0,0,0,0,0,0,0,0,0,0,0,0,0,0,0,0,0,6.74196e-20,1.46196e-16,1.26183e-17,3.00507e-17,3.161e-13,4.35829e-16,2.6585e-19,2.47615e-13,1.49511e-17,0,0,0,0,0,0,0,0,0.57143,0,0,0,0,0,
0.00018,1001.03,0.257542,101325,0.285707,1.48808e-06,1.63725e-07,0.142851,5.55299e-08,5.60601e-06,3.81392e-06,2.21886e-08,0,0,0,0,0,0,0,0,0,0,0,0,0,0,0,0,0,0,0,0,0,0,2.46628e-19,3.54887e-16,3.05707e-17,7.25456e-17,4.93739e-13,1.0558e-15,9.88664e-19,3.85299e-13,3.61715e-17,0,0,0,0,0,0,0,0,0.571431,0,0,0,0,0,
0.00019,1001.05,0.257538,101325,0.285703,2.3367e-06,2.56939e-07,0.142848,8.87316e-08,8.82681e-06,5.87967e-06,3.6549e-08,0,0,0,0,0,0,0,0,0,0,0,0,0,0,0,0,0,0,0,0,0,0,9.31867e-19,8.68279e-16,7.45639e-17,1.75874e-16,7.7535e-13,2.57454e-15,3.68063e-18,6.00743e-13,8.80297e-17,0,0,0,0,0,0,0,0,0.571432,0,0,0,0,0,
0.0002,1001.08,0.257532,101325,0.285696,3.6997e-06,4.06434e-07,0.142842,1.44206e-07,1.40212e-05,9.04321e-06,6.16907e-08,0,0,0,0,0,0,0,0,0,0,0,0,0,0,0,0,0,0,0,0,0,0,3.62094e-18,2.15055e-15,1.83793e-16,4.29341e-16,1.22771e-12,6.34405e-15,1.37331e-17,9.4001e-13,2.16228e-16,0,0,0,0,0,0,0,0,0.571434,0,0,0,0,0,
0.00021,1001.12,0.257521,101325,0.285686,5.93224e-06,6.50778e-07,0.142834,2.40291e-07,2.25797e-05,1.38569e-05,1.07376e-07,0,0,0,0,0,0,0,0,0,0,0,0,0,0,0,0,0,0,0,0,0,0,1.45486e-17,5.42775e-15,4.6046e-16,1.05968e-15,1.96884e-12,1.58915e-14,5.14231e-17,1.47953e-12,5.38713e-16,0,0,0,0,0,0,0,0,0.571437,0,0,0,0,0,
0.00022,1001.2,0.257502,101325,0.285668,9.69594e-06,1.06144e-06,0.14282,4.15011e-07,3.71272e-05,2.10969e-05,1.93491e-07,0,0,0,0,0,0,0,0,0,0,0,0,0,0,0,0,0,0,0,0,0,0,6.12628e-17,1.40973e-14,1.1826e-15,2.6605e-15,3.21875e-12,4.08403e-14,1.93484e-16,2.3505e-12,1.37114e-15,0,0,0,0,0,0,0,0,0.571442,0,0,0,0,0,
0.00023,1001.35,0.257469,101325,0.285638,1.63065e-05,1.77974e-06,0.142798,7.52996e-07,6.29604e-05,3.1747e-05,3.60455e-07,0,0,0,0,0,0,0,0,0,0,0,0,0,0,0,0,0,0,0,0,0,0,2.76298e-16,3.82186e-14,3.15279e-15,6.85771e-15,5.41561e-12,1.09224e-13,7.31784e-16,3.78897e-12,3.60123e-15,0,0,0,0,0,0,0,0,0.571451,0,0,0,0,0,
0.00024,1001.62,0.257405,101325,0.285582,2.85807e-05,3.10652e-06,0.142761,1.45529e-06,0.000111574,4.67215e-05,6.86619e-07,0,0,0,0,0,0,0,0,0,0,0,0,0,0,0,0,0,0,0,0,0,0,1.37615e-15,1.10271e-13,8.87743e-15,1.83965e-14,9.49987e-12,3.10649e-13,2.77268e-15,6.24687e-12,9.88568e-15,0,0,0,0,0,0,0,0,0.571465,0,0,0,0,0,
0.00025,1002.18,0.257273,101325,0.285474,5.29995e-05,5.7316e-06,0.142696,3.01922e-06,0.000209641,6.58214e-05,1.30322e-06,0,0,0,0,0,0,0,0,0,0,0,0,0,0,0,0,0,0,0,0,0,0,7.8543e-15,3.46387e-13,2.69624e-14,5.23411e-14,1.7646e-11,9.69603e-13,1.03716e-14,1.06579e-11,2.87175e-14,0,0,0,0,0,0,0,0,0.571491,0,0,0,0,0,
0.00026,1003.4,0.256984,101325,0.285248,0.000105251,1.13283e-05,0.142578,6.65113e-06,0.000421395,8.53802e-05,2.35065e-06,0,0,0,0,0,0,0,0,0,0,0,0,0,0,0,0,0,0,0,0,0,0,5.28855e-14,1.20356e-12,8.98093e-14,1.61427e-13,3.5171e-11,3.45521e-12,3.67532e-14,1.91166e-11,8.83587e-14,0,0,0,0,0,0,0,0,0.571541,0,0,0,0,0,
0.00027,1006.13,0.256332,101325,0.284752,0.000223712,2.40394e-05,0.142341,1.50333e-05,0.000898645,9.75889e-05,3.7692e-06,0,0,0,0,0,0,0,0,0,0,0,0,0,0,0,0,0,0,0,0,0,0,4.14714e-13,4.55275e-12,3.24323e-13,5.46031e-13,7.53712e-11,1.45319e-11,1.14637e-13,3.66875e-11,2.7815e-13,0,0,0,0,0,0,0,0,0.571645,0,0,0,0,0,
0.00028,1012.32,0.254865,101325,0.283617,0.000504716,5.44679e-05,0.141821,3.44812e-05,0.00199263,0.000100047,5.08044e-06,0,0,0,0,0,0,0,0,0,0,0,0,0,0,0,0,0,0,0,0,0,0,3.51635e-12,1.76117e-11,1.18594e-12,1.97269e-12,1.73188e-10,7.25141e-11,3.09853e-13,7.65309e-11,8.31351e-13,0,0,0,0,0,0,0,0,0.57187,0,0,0,0,0,
0.00029,1026.77,0.251508,101325,0.280842,0.00124137,0.000135697,0.140565,8.53433e-05,0.00463567,9.86475e-05,5.49248e-06,0,0,0,0,0,0,0,0,0,0,0,0,0,0,0,0,0,0,0,0,0,0,3.08749e-11,6.71079e-11,4.00167e-12,7.08962e-12,4.44103e-10,4.33513e-10,8.1746e-13,1.78593e-10,2.35039e-12,0,0,0,0,0,0,0,0,0.572391,0,0,0,0,0,
0.0003,1064.75,0.243113,101325,0.272607,0.00375058,0.000424173,0.136891,0.000263753,0.0122113,9.42408e-05,3.91374e-06,0,0,0,0,0,0,0,0,0,0,0,0,0,0,0,0,0,0,0,0,0,0,3.32753e-10,2.90144e-10,1.25607e-11,2.4168e-11,1.48717e-09,3.59644e-09,2.39485e-12,5.22205e-10,8.09456e-12,0,0,0,0,0,0,0,0,0.573754,0,0,0,0,0,
0.00031,1207.78,0.216208,101325,0.228226,0.0212144,0.00271072,0.11756,0.00176135,0.0496445,8.00704e-05,2.14331e-06,-7.44354e-32,2.07562e-32,-4.61321e-32,-6.81259e-33,-4.78638e-31,-9.15556e-30,8.38408e-29,4.75105e-30,-5.82377e-32,-3.48586e-30,-4.40264e-31,-1.07097e-32,-6.79098e-30,6.18016e-46,1.07204e-41,4.31632e-42,3.86807e-40,1.1524e-39,8.31918e-40,-1.0497e-43,-1.28078e-41,4.71542e-46,9.29232e-09,2.74387e-09,5.51542e-11,8.38154e-11,1.15192e-08,8.74383e-08,1.42452e-11,3.32772e-09,7.84689e-11,1.73288e-37,1.09179e-34,1.14577e-36,3.52576e-34,-1.97815e-36,8.24249e-39,-1.60366e-35,-3.09584e-37,0.578801,0,-2.23267e-57,-7.11934e-58,-8.03082e-42,-2.63546e-40,
0.00032,1718.48,0.157218,101325,0.0540803,0.0809955,0.0197608,0.0333187,0.0162757,0.196695,2.083e-05,1.74835e-06,-3.35695e-30,1.56428e-30,1.12661e-30,6.03982e-32,1.4171e-31,1.52538e-31,2.00053e-28,8.7153e-29,9.47381e-31,9.46319e-31,-1.54651e-32,-1.36429e-34,-2.03473e-33,5.69679e-35,7.0208e-33,-3.76989e-34,2.75281e-32,2.15071e-32,-1.28082e-32,7.3454e-32,5.08141e-33,7.86696e-36,1.49579e-07,3.21485e-08,2.40517e-10,5.87432e-11,8.64683e-08,9.02614e-06,8.20797e-10,5.60302e-08,2.36887e-09,-1.14466e-33,-6.10609e-32,-2.38279e-35,-1.49046e-33,4.23078e-35,-2.30945e-35,-2.33e-34,-9.2439e-35,0.598842,0,-8.40125e-51,9.66722e-54,7.71529e-34,3.74504e-32,
0.00033,1951.54,0.141063,101325,0.0544197,0.0586469,0.0166924,0.0283134,0.0207585,0.210961,1.34658e-05,7.33351e-07,-3.34968e-33,-2.36749e-35,4.38779e-35,1.04713e-35,2.45762e-34,-2.68152e-34,1.67175e-28,1.26278e-28,1.14779e-33,-1.52092e-34,8.87167e-37,-9.14267e-38,-2.14451e-36,-7.34331e-38,-5.51738e-36,-9.26964e-37,-9.2651e-36,-3.19745e-35,8.51974e-37,-6.96948e-36,-2.97194e-36,-1.30557e-38,8.95901e-08,2.92955e-08,5.13966e-10,1.6074e-10,7.85675e-08,2.3791e-05,1.95456e-09,6.38017e-08,3.90928e-09,-3.01485e-35,-3.37646e-33,-3.50607e-37,1.34338e-38,4.27709e-39,-2.78956e-36,-9.26125e-35,-4.89456e-35,0.61017,0,2.86213e-55,1.17037e-57,-2.53678e-37,-1.72577e-36,
0.00034,2082.31,0.133619,101325,0.0533223,0.0472483,0.0143937,0.025611,0.0225592,0.220124,1.03958e-05,4.85264e-07,5.05983e-33,6.57141e-35,9.93416e-36,-3.8566e-36,1.61441e-34,-1.84599e-34,1.58432e-28,1.34175e-28,9.07545e-34,2.613e-35,1.20008e-36,1.61025e-37,4.35982e-37,3.97235e-38,2.81214e-36,3.33536e-36,1.21694e-35,-7.23869e-36,4.46555e-37,-6.06952e-35,-3.7511e-37,6.32012e-39,7.41075e-08,2.56396e-08,7.05569e-10,2.56061e-10,7.03279e-08,3.50618e-05,2.81574e-09,6.75771e-08,4.56823e-09,-3.19094e-37,-8.25069e-35,-4.21301e-39,1.01423e-38,-2.99251e-38,-1.08333e-37,-3.37094e-36,-2.93667e-36,0.616695,0,7.45922e-55,3.75272e-57,9.78847e-37,2.1805e-35,
0.00035,2172.18,0.129037,101325,0.0518871,0.0399579,0.0126873,0.0237134,0.0233874,0.227069,8.62274e-06,3.82003e-07,-6.1931e-31,-4.09457e-33,-6.23951e-34,4.35166e-35,2.73955e-33,1.77327e-33,1.50406e-29,7.21706e-29,-1.41659e-33,-1.30799e-33,4.51197e-37,5.92812e-37,1.25584e-36,-2.41743e-45,-1.19064e-43,-1.99912e-44,-5.90566e-44,-1.51582e-43,7.27355e-46,-1.54187e-44,-3.93357e-44,-6.01812e-46,7.36512e-08,2.27909e-08,8.49376e-10,3.44015e-10,6.34811e-08,4.48938e-05,3.6564e-09,7.13737e-08,4.98982e-09,-1.39951e-34,-3.83968e-33,-1.27808e-37,-5.86697e-37,-2.07614e-37,-7.09426e-36,-2.27551e-34,-1.31819e-34,0.621244,0,3.9085e-63,2.2893e-65,-1.45291e-45,-3.23957e-46,
0.00036,2239.79,0.125839,101325,0.0504222,0.0347761,0.0113634,0.0222531,0.0237495,0.232674,7.46997e-06,3.27675e-07,1.96568e-33,-6.73115e-35,-1.43536e-34,-2.75968e-35,-1.08851e-33,5.2108e-34,4.04189e-29,4.59665e-29,2.14934e-34,1.44475e-35,-4.64979e-36,-6.07194e-37,6.45585e-37,-9.85942e-52,-4.25907e-50,-7.42958e-51,-3.09015e-50,-9.81444e-50,3.06021e-53,-1.90523e-50,-1.64979e-50,-2.85556e-52,7.99934e-08,2.07333e-08,9.70414e-10,4.29428e-10,5.78306e-08,5.43313e-05,4.57451e-09,7.56677e-08,5.35792e-09,-3.55689e-36,-1.1942e-34,-3.25433e-39,-6.8923e-39,-4.96495e-38,-2.83006e-37,-1.04231e-35,-3.48383e-36,0.624699,0,2.10473e-69,4.34394e-72,-6.77708e-52,9.0128e-51,
0.00037,2293.38,0.123442,101325,0.0490156,0.0308607,0.0103018,0.0210704,0.0238581,0.237366,6.67238e-06,2.95385e-07,2.59816e-30,2.28819e-31,5.37621e-31,6.56049e-33,-7.91135e-31,1.86339e-31,9.40212e-29,4.87395e-29,-7.08751e-32,-1.32329e-31,-5.20621e-33,-2.49192e-34,-1.15687e-34,-8.71906e-37,-3.40082e-35,1.61624e-35,3.02629e-35,1.21141e-35,1.17327e-37,-2.46352e-34,-1.95092e-35,-2.79434e-37,8.97056e-08,1.93277e-08,1.08489e-09,5.17344e-10,5.31134e-08,6.39134e-05,5.61885e-09,8.05857e-08,5.74364e-09,-2.49187e-34,1.73457e-32,2.52511e-37,-8.18913e-35,1.00223e-34,4.41891e-35,1.90922e-33,3.85359e-34,0.627457,0,-3.74409e-55,2.06725e-57,3.69299e-37,-9.52526e-36,
0.00038,2337.31,0.121561,101325,0.0476938,0.0277811,0.00942973,0.0200808,0.0238192,0.241386,6.09907e-06,2.74913e-07,1.04646e-32,-1.27456e-33,-7.59351e-34,1.43159e-34,2.69791e-33,2.0443e-33,1.02774e-28,7.69038e-29,1.83595e-33,2.91443e-33,5.09376e-35,2.39792e-36,7.4777e-36,3.4135e-36,1.3035e-34,5.74125e-35,1.32046e-34,8.55654e-36,-7.87307e-37,-1.97589e-34,1.76952e-34,1.22668e-36,1.01061e-07,1.84451e-08,1.20335e-09,6.12283e-10,4.91246e-08,7.39146e-05,6.8167e-09,8.61264e-08,6.17754e-09,2.06051e-35,9.18035e-34,1.50677e-38,4.43621e-37,5.96063e-36,3.39404e-36,9.24918e-35,2.93121e-35,0.629729,0,7.79242e-55,-5.12647e-56,2.58589e-36,7.63721e-35,
0.00039,2374.19,0.120038,101325,0.0464627,0.0252896,0.00870018,0.0192342,0.0236912,0.244887,5.67623e-06,2.61562e-07,-1.42113e-31,4.02947e-33,8.80038e-33,1.82513e-33,6.45494e-32,-8.38283e-32,9.57037e-29,8.40182e-29,3.78561e-33,6.69538e-33,-4.05088e-34,-2.50877e-35,-7.74796e-35,1.96449e-39,7.9513e-38,-1.49472e-38,-1.97715e-38,5.57952e-39,7.59785e-41,4.64057e-38,4.61514e-38,4.91589e-40,1.13103e-07,1.79802e-08,1.33255e-09,7.18035e-10,4.57134e-08,8.4463e-05,8.18346e-09,9.22322e-08,6.67268e-09,-1.09099e-34,5.58519e-34,7.25507e-38,-1.01882e-37,8.61234e-36,2.98761e-36,2.23147e-34,-1.03774e-35,0.631644,0,-1.52421e-57,-1.67734e-59,-5.84075e-41,9.6396e-40,
0.0004,2405.69,0.118775,101325,0.0453207,0.0232312,0.00808118,0.0184983,0.0235092,0.247973,5.35853e-06,2.52864e-07,-1.18136e-31,-1.71917e-33,1.49522e-32,2.01773e-33,1.61171e-31,-2.27873e-32,9.08166e-29,8.53553e-29,-1.40183e-32,-4.68533e-32,1.08436e-33,7.88139e-35,-3.35593e-34,6.3679e-40,1.69096e-38,-3.56861e-39,-9.33336e-39,-5.96047e-39,-1.1105e-40,2.06694e-37,5.98597e-38,1.97455e-39,1.25272e-07,1.78488e-08,1.47662e-09,8.37607e-10,4.27686e-08,9.56039e-05,9.72665e-09,9.88195e-08,7.23367e-09,-5.90492e-34,-6.41757e-33,2.99826e-37,-7.39971e-37,1.15964e-37,-2.04176e-35,-8.34004e-34,-3.02312e-34,0.633285,0,2.02764e-57,7.1325e-59,-5.23484e-41,3.01938e-39,
0.00041,2432.94,0.117709,101325,0.0442632,0.0215034,0.00755012,0.017851,0.023295,0.250716,5.11644e-06,2.47381e-07,-1.04639e-33,-1.00807e-32,-8.1339e-33,9.08283e-34,8.58803e-32,4.06433e-32,9.02377e-29,8.54426e-29,-5.88165e-34,-2.89221e-32,1.43831e-33,3.53503e-35,-2.59189e-36,2.69602e-40,8.14321e-39,5.07414e-39,8.98194e-39,-1.72592e-39,5.02063e-42,3.41892e-37,-6.07682e-38,3.43056e-39,1.37234e-07,1.79829e-08,1.63781e-09,9.73216e-10,4.02065e-08,0.000107335,1.14479e-08,1.05793e-07,7.86065e-09,-5.26972e-34,-1.32005e-32,1.75152e-37,1.84979e-38,3.84722e-36,-3.93223e-35,-1.13219e-33,-6.43697e-34,0.634708,0,4.28356e-57,1.55461e-58,3.84397e-41,-1.72109e-39,
0.00042,2456.76,0.116798,101325,0.043285,0.0200349,0.00709047,0.0172765,0.0230631,0.253171,4.92985e-06,2.44202e-07,-4.1164e-33,-3.71762e-33,-1.43702e-32,-1.02816e-33,-1.54485e-32,-6.88536e-34,9.14582e-29,8.64116e-29,-5.78999e-34,-9.92199e-33,-4.86911e-34,-5.90488e-36,-1.44809e-35,-4.65318e-40,-1.42611e-38,3.0964e-39,1.24314e-38,1.11246e-38,2.01988e-40,-5.1741e-37,-1.12505e-38,-4.4456e-40,1.4879e-07,1.83271e-08,1.81697e-09,1.12631e-09,3.7963e-08,0.000119628,1.3344e-08,1.13057e-07,8.55127e-09,6.02143e-35,4.13769e-33,3.9054e-38,-1.1465e-37,1.89745e-35,2.96097e-35,7.54907e-34,1.35749e-34,0.635954,0,-2.54362e-58,-4.32215e-60,1.96639e-41,-2.30891e-39,
0.00043,2477.73,0.116011,101325,0.0423807,0.0187742,0.00668977,0.0167633,0.0228229,0.255378,4.78461e-06,2.42715e-07,1.96561e-31,-1.27723e-31,1.28534e-31,1.15309e-32,3.04672e-31,2.56135e-32,8.94135e-29,8.74597e-29,-2.72138e-32,-9.43128e-33,9.31622e-33,4.42246e-34,7.3709e-34,1.54175e-39,7.1868e-39,-1.31248e-37,-4.12244e-37,-2.7204e-37,-4.99424e-39,1.63406e-35,2.00689e-36,9.28442e-39,1.59825e-07,1.88361e-08,2.01387e-09,1.29762e-09,3.59882e-08,0.000132441,1.54085e-08,1.20514e-07,9.30176e-09,1.88427e-34,-2.08309e-32,5.82894e-37,-3.97907e-38,3.12989e-34,6.25119e-35,-3.63752e-34,-3.54456e-34,0.637053,0,1.23612e-56,3.47673e-58,-7.68449e-40,8.86623e-38,
0.00044,2496.31,0.115325,101325,0.0415452,0.0176833,0.00633843,0.0163024,0.0225812,0.25737,4.67058e-06,2.42481e-07,-1.26872e-31,-1.35354e-33,-1.24618e-33,1.24667e-34,1.67298e-32,6.00312e-32,8.78424e-29,8.82068e-29,-4.03061e-33,-1.4143e-32,-1.57244e-33,2.73122e-36,-9.49324e-35,-2.43343e-40,-8.15467e-39,1.5127e-39,1.34089e-39,-1.42784e-39,-3.35857e-41,3.40964e-38,2.98179e-38,-4.63355e-41,1.7028e-07,1.94724e-08,2.22755e-09,1.48719e-09,3.42422e-08,0.000145724,1.76315e-08,1.28076e-07,1.01075e-08,-1.90695e-34,-3.97626e-33,-3.63813e-38,-5.11662e-37,-2.4589e-36,-2.09184e-35,-5.89951e-34,-1.78877e-34,0.638028,0,3.26565e-57,8.53647e-59,4.05317e-41,4.72432e-40,
0.00045,2512.85,0.114723,101325,0.0407737,0.0167331,0.00602889,0.0158867,0.0223426,0.259174,4.58027e-06,2.43178e-07,5.08792e-33,-6.64195e-35,-3.21658e-34,1.81711e-34,1.55652e-32,3.50997e-32,8.74409e-29,8.88733e-29,1.76749e-33,3.36268e-33,4.6959e-34,2.17378e-35,1.53986e-35,3.16285e-42,1.29086e-40,-5.19353e-41,-3.25925e-40,-3.47461e-40,-6.98079e-42,-4.09175e-38,-7.10419e-39,-4.49232e-41,1.80129e-07,2.02051e-08,2.45647e-09,1.69448e-09,3.26932e-08,0.000159428,2.00016e-08,1.35659e-07,1.09633e-08,-2.1314e-34,-2.017e-33,3.26477e-38,4.94781e-38,1.18778e-35,-1.94063e-36,-2.4728e-34,-1.1572e-34,0.638896,0,6.62511e-58,2.34481e-59,-1.14267e-42,7.50028e-41,
0.00046,2527.63,0.114192,101325,0.0400618,0.0159009,0.00575511,0.0155107,0.02211,0.26081,4.50815e-06,2.4456e-07,-3.10735e-32,-2.66402e-34,3.16926e-33,4.72425e-34,2.56586e-32,3.70301e-32,8.66574e-29,8.94405e-29,-1.01643e-33,-8.8385e-34,3.46118e-34,1.25028e-35,1.41546e-35,4.26977e-41,1.53273e-39,1.37413e-40,3.42463e-40,-1.44588e-40,-1.4698e-42,-3.83089e-38,6.50779e-39,1.35748e-40,1.89373e-07,2.10084e-08,2.69872e-09,1.91847e-09,3.13147e-08,0.000173502,2.25057e-08,1.43189e-07,1.18641e-08,-8.49468e-35,-5.30383e-34,6.29703e-38,-1.41945e-37,1.3425e-36,-5.44343e-36,-5.17327e-35,-3.22576e-35,0.639673,0,-5.85286e-58,-3.09282e-59,4.62077e-43,-6.90231e-41,
0.00047,2540.87,0.113721,101325,0.0394052,0.0151688,0.00551214,0.0151698,0.0218858,0.262296,4.45006e-06,2.46436e-07,1.2049e-31,2.23544e-33,1.6945e-32,2.12081e-33,8.77177e-32,3.4795e-33,8.64725e-29,8.99251e-29,3.34341e-33,1.05847e-32,1.47714e-33,8.83426e-35,2.33504e-34,3.58821e-41,1.14179e-39,3.6657e-40,1.51576e-39,7.52423e-40,1.65852e-41,1.91142e-37,2.33633e-38,-3.12673e-40,1.98024e-07,2.18612e-08,2.95216e-09,2.15768e-09,3.00849e-08,0.000187901,2.51298e-08,1.50602e-07,1.28044e-08,2.33497e-34,6.16876e-34,1.07364e-37,6.17304e-37,3.24479e-35,-8.12126e-36,1.50846e-34,6.64028e-35,0.640369,0,-8.03333e-58,-3.22691e-59,1.91925e-43,-3.4299e-40,
0.00048,2552.78,0.113303,101325,0.0388003,0.0145223,0.00529594,0.0148601,0.0216714,0.263648,4.40284e-06,2.48657e-07,9.73191e-32,1.459e-33,4.15765e-34,5.51579e-34,-1.98994e-32,8.56923e-33,8.27995e-29,8.96418e-29,3.29214e-33,4.29013e-33,1.53549e-35,5.63184e-36,1.35667e-34,-1.56286e-40,-5.54386e-39,-2.16009e-40,1.00816e-40,5.24765e-40,9.24034e-42,1.28216e-37,-3.53475e-38,-4.16137e-40,2.06109e-07,2.27463e-08,3.21456e-09,2.41036e-09,2.89855e-08,0.000202581,2.78601e-08,1.57841e-07,1.37792e-08,1.71721e-34,-1.09359e-32,-3.18645e-37,1.70145e-37,3.21156e-35,-9.65225e-35,-1.63792e-33,-4.80489e-34,0.640994,0,-7.77079e-58,-3.40404e-59,-2.91309e-42,4.34823e-41,
0.00049,2563.49,0.11293,101325,0.0382434,0.0139496,0.00510309,0.0145784,0.0214676,0.264878,4.36408e-06,2.51104e-07,4.14418e-30,-5.97008e-31,-1.89225e-30,-6.16136e-32,-7.20568e-31,-1.13567e-31,-2.13175e-29,7.7512e-29,-6.98963e-31,-2.04026e-30,-2.95385e-32,6.55639e-34,1.67488e-33,3.72394e-43,1.2379e-41,-1.58798e-43,-2.86147e-44,-3.71105e-44,1.4181e-45,9.84211e-41,8.69726e-41,1.00157e-43,2.13659e-07,2.36494e-08,3.48367e-09,2.67452e-09,2.80011e-08,0.000217503,3.06826e-08,1.64861e-07,1.47835e-08,1.13439e-33,-3.56831e-31,-7.70303e-36,-8.45194e-35,-2.64476e-33,-2.44624e-33,-3.69955e-32,-1.1261e-32,0.641557,0,1.30918e-60,3.75845e-62,-5.0769e-45,-3.35615e-43,
0.0005,2573.14,0.112596,101325,0.0377311,0.0134409,0.00493074,0.0143218,0.021275,0.265999,4.33195e-06,2.53685e-07,4.81035e-30,6.77641e-31,1.50204e-30,-3.06845e-33,-1.322e-30,-4.01665e-31,-5.38871e-28,-8.28802e-29,-4.82918e-32,-1.08364e-30,-3.5386e-32,-2.71827e-33,-7.33228e-33,9.00725e-45,3.37846e-43,-3.16993e-46,5.20782e-45,1.45967e-45,2.73061e-47,-7.62112e-42,5.37503e-43,1.94815e-44,2.20707e-07,2.45594e-08,3.75732e-09,2.94804e-09,2.71182e-08,0.000232631,3.3584e-08,1.71625e-07,1.58127e-08,8.70411e-33,-1.29797e-30,-1.09022e-35,4.63217e-35,-9.87478e-33,-1.12665e-32,-3.32578e-31,-5.3377e-32,0.642064,0,-1.24082e-62,5.01429e-64,-4.77477e-46,-1.74777e-44,
0.00051,2581.86,0.112298,101325,0.0372603,0.0129879,0.00477643,0.014088,0.0210937,0.267019,4.30503e-06,2.56326e-07,9.2277e-31,1.01608e-31,-1.41156e-32,1.02964e-32,-1.77413e-30,-5.96303e-31,-2.6004e-28,-2.13322e-28,-4.90136e-32,-1.03592e-30,-3.53928e-32,-2.07794e-33,-6.23535e-33,2.08773e-45,8.32597e-44,-1.09311e-45,-2.8002e-45,4.19064e-46,6.13004e-48,7.58533e-43,9.74695e-43,6.29901e-45,2.27291e-07,2.54671e-08,4.03346e-09,3.22877e-09,2.63254e-08,0.000247936,3.65516e-08,1.78103e-07,1.68626e-08,1.19013e-32,-1.5595e-32,-8.05573e-36,1.08505e-35,-2.95053e-33,-2.77466e-33,-2.25701e-32,-1.15393e-33,0.642521,0,2.17523e-62,1.5224e-63,3.00798e-47,-6.34187e-46,
0.00052,2589.73,0.112029,101325,0.036828,0.0125838,0.00463808,0.0138748,0.0209238,0.267949,4.28224e-06,2.58971e-07,-1.43327e-32,2.39421e-31,-3.16199e-31,-3.25317e-32,6.94399e-32,2.30851e-31,-1.9319e-28,-2.334e-28,1.13885e-31,-1.81108e-31,-9.31334e-33,-5.2154e-34,-1.10869e-33,6.45596e-47,-3.07826e-45,-3.58177e-46,-2.7946e-45,-7.43721e-46,-1.62847e-47,7.76067e-42,8.32478e-43,-1.6416e-44,2.33447e-07,2.63656e-08,4.31024e-09,3.51461e-09,2.56127e-08,0.000263389,3.95739e-08,1.84276e-07,1.79294e-08,7.45753e-33,1.17596e-31,-2.1289e-36,6.70393e-36,-9.30777e-34,5.58397e-34,1.59929e-32,4.42672e-33,0.642934,0,3.76518e-62,2.08753e-63,-5.08772e-47,2.28482e-45,
0.00053,2596.85,0.111789,101325,0.0364315,0.0122227,0.00451387,0.0136803,0.0207651,0.268796,4.26274e-06,2.61576e-07,2.36201e-30,1.99864e-31,2.64803e-30,1.82059e-31,4.73683e-30,1.60402e-31,-2.53453e-28,-2.45528e-28,1.58185e-31,5.19299e-31,1.10226e-31,5.359e-33,1.3073e-32,-2.5649e-46,1.60949e-44,6.22344e-46,7.441e-45,2.83129e-45,5.48564e-47,-2.33178e-41,-1.81011e-42,8.26376e-44,2.39211e-07,2.72495e-08,4.58597e-09,3.80351e-09,2.49715e-08,0.000278966,4.26404e-08,1.9013e-07,1.90095e-08,2.00919e-32,5.75827e-31,2.56245e-35,1.58111e-34,-1.24453e-32,2.69483e-33,9.15563e-32,2.51735e-32,0.643307,0,-1.04469e-61,-5.77107e-63,1.82703e-46,-2.59168e-45,
0.00054,2603.29,0.111572,101325,0.0360681,0.0118994,0.00440222,0.0135027,0.0206172,0.269567,4.24588e-06,2.64108e-07,4.27761e-30,-9.86893e-31,4.81813e-30,3.0351e-31,1.42462e-29,1.65422e-30,-2.52962e-28,-2.32079e-28,-5.20389e-31,-2.81278e-30,2.70556e-31,1.52659e-32,4.04826e-32,2.17125e-44,9.30694e-43,6.50925e-45,3.99912e-44,1.31812e-44,2.67604e-46,-8.38457e-41,-7.73369e-42,4.80444e-43,2.44617e-07,2.81149e-08,4.85922e-09,4.09359e-09,2.43941e-08,0.000294646,4.57415e-08,1.95656e-07,2.00998e-08,4.75494e-32,-1.35137e-30,7.52298e-35,-1.12671e-35,1.72908e-32,-4.38457e-32,-2.3177e-33,-4.57652e-32,0.643644,0,-3.61498e-61,-1.97729e-62,5.04102e-46,-1.02447e-44,
0.00055,2609.11,0.111377,101325,0.0357354,0.0116097,0.00430178,0.0133407,0.0204798,0.270269,4.23115e-06,2.66545e-07,-9.47419e-30,5.97159e-30,9.30847e-30,7.65094e-31,6.49817e-29,1.76658e-29,-3.52212e-28,-2.60833e-28,1.03502e-30,4.5462e-30,9.9689e-31,6.14907e-32,2.43681e-31,-1.29003e-43,-4.33309e-42,1.39111e-44,9.65276e-44,1.5518e-44,3.28804e-46,-4.85171e-40,-8.44831e-41,1.76291e-42,2.49698e-07,2.8959e-08,5.12874e-09,4.38312e-09,2.38738e-08,0.000310412,4.88688e-08,2.00854e-07,2.11977e-08,7.13779e-32,2.77086e-30,2.64568e-34,2.60339e-34,9.17817e-32,-1.2309e-31,5.27305e-31,1.68059e-31,0.643948,0,-1.82351e-60,-1.02742e-61,2.19918e-45,-5.98436e-44,
0.00056,2614.39,0.111201,101325,0.035431,0.0113497,0.00421131,0.0131927,0.0203523,0.270909,4.21816e-06,2.68869e-07,-3.66485e-30,1.1386e-31,-8.91822e-32,-9.9377e-32,-4.52237e-30,-3.44307e-30,-2.65862e-28,-2.85839e-28,-1.12013e-30,-2.07591e-30,-1.39538e-31,-2.62236e-33,6.82358e-33,5.72789e-44,1.93392e-42,1.86085e-45,1.06234e-44,-8.61712e-46,1.77151e-47,-1.40861e-40,2.21445e-41,7.35012e-43,2.54484e-07,2.97799e-08,5.39352e-09,4.67057e-09,2.34047e-08,0.000326247,5.20151e-08,2.05724e-07,2.23008e-08,-5.94446e-32,-1.01816e-30,2.1072e-36,-1.75476e-35,-3.81318e-32,-5.44495e-32,-2.93139e-31,-3.50728e-32,0.644223,0,-5.07955e-61,-2.92113e-62,2.41501e-45,6.55303e-45,
0.00057,2619.16,0.111042,101325,0.0351528,0.0111162,0.00412977,0.0130575,0.0202343,0.271491,4.20661e-06,2.71069e-07,-1.38242e-30,1.29007e-32,-1.5138e-31,-2.75228e-33,5.06371e-31,-6.43687e-32,-2.5197e-28,-2.90873e-28,2.57701e-31,8.07322e-31,1.33218e-32,7.47572e-34,3.42042e-33,-7.51868e-45,-1.39703e-43,4.00154e-45,7.54794e-45,-7.01383e-46,-1.65192e-47,-5.67036e-41,1.03609e-41,3.99887e-43,2.59003e-07,3.05764e-08,5.65272e-09,4.95461e-09,2.29814e-08,0.000342137,5.51738e-08,2.10273e-07,2.34071e-08,1.23149e-32,4.33001e-31,2.47572e-36,1.72838e-35,-1.32333e-32,-2.09729e-32,2.22084e-31,2.45226e-32,0.644471,0,-2.13636e-61,-1.00839e-62,4.41563e-46,4.41093e-46,
0.00058,2623.48,0.110899,101325,0.0348988,0.0109063,0.00405622,0.0129341,0.0201252,0.272021,4.19626e-06,2.73139e-07,3.1067e-32,-5.03084e-32,-2.67636e-31,-1.00912e-32,2.90554e-31,1.26898e-32,-2.55759e-28,-2.95629e-28,3.57767e-32,1.118e-31,4.37278e-33,1.34128e-34,6.6933e-34,-9.83403e-45,-3.42574e-43,2.44358e-46,6.51723e-46,2.16115e-47,1.12195e-48,7.45547e-43,-5.16129e-43,-2.9723e-44,2.63281e-07,3.13482e-08,5.90573e-09,5.23411e-09,2.25994e-08,0.000358072,5.83397e-08,2.1451e-07,2.45148e-08,3.03423e-34,-2.5198e-32,1.66684e-37,-5.60261e-37,-1.46404e-33,-1.46736e-34,-6.83844e-33,-1.27135e-33,0.644696,0,5.89938e-63,4.30084e-64,-3.02324e-48,2.05921e-46,
0.00059,2627.4,0.11077,101325,0.0346669,0.0107174,0.00398983,0.0128213,0.0200246,0.272503,4.18691e-06,2.75077e-07,-3.37159e-31,-7.47831e-32,-1.58001e-31,-1.3491e-32,-3.25385e-31,-6.26144e-32,-2.42871e-28,-2.9898e-28,-5.73743e-32,-1.6541e-31,-1.51247e-32,-1.31474e-34,-7.74268e-34,3.76938e-45,1.25005e-43,-9.4339e-47,-1.93856e-46,2.99683e-48,1.3675e-50,-2.97472e-42,2.44644e-42,7.28472e-44,2.67343e-07,3.2095e-08,6.15206e-09,5.50814e-09,2.22544e-08,0.000374042,6.15081e-08,2.18444e-07,2.56225e-08,-1.10098e-33,1.471e-31,-5.06642e-37,2.88508e-36,8.69379e-34,-1.62239e-34,3.98184e-32,5.68453e-33,0.644898,0,-2.8135e-62,-1.76585e-63,5.43113e-47,-7.73433e-48,
0.0006,2630.94,0.110654,101325,0.0344555,0.0105473,0.00392985,0.0127182,0.0199318,0.272941,4.17842e-06,2.76882e-07,9.48675e-31,1.54682e-31,2.86034e-31,4.13807e-32,-2.80436e-33,2.55329e-31,-2.37195e-28,-3.0005e-28,1.06318e-31,-9.67661e-33,8.11587e-33,4.69963e-34,-1.95438e-33,1.42553e-44,3.96504e-43,5.39067e-47,-8.04906e-46,-3.19309e-47,1.3386e-48,2.11379e-41,1.47306e-42,-2.69604e-43,2.71209e-07,3.28173e-08,6.39141e-09,5.77597e-09,2.19427e-08,0.000390036,6.46751e-08,2.2209e-07,2.6729e-08,2.44263e-32,4.60366e-31,-4.78045e-36,4.18302e-35,2.58974e-33,1.34539e-32,7.63859e-32,2.62178e-32,0.645081,0,1.59184e-61,8.99161e-63,2.39669e-46,-1.37431e-46,
0.00061,2634.15,0.110549,101325,0.0342628,0.010394,0.00387564,0.012624,0.0198464,0.27334,4.17065e-06,2.78557e-07,-3.62209e-31,-1.63311e-31,-4.19408e-31,-1.13759e-32,6.01855e-31,-9.24494e-32,-2.34438e-28,-2.93885e-28,-1.99687e-32,-1.01811e-32,5.21301e-34,-2.31192e-34,6.79918e-34,3.71773e-44,1.39477e-42,-1.26196e-46,5.7603e-47,1.0512e-47,4.72817e-49,1.5136e-41,1.11652e-41,-1.0757e-43,2.74899e-07,3.35157e-08,6.6236e-09,6.03704e-09,2.16611e-08,0.00040605,6.78376e-08,2.25461e-07,2.78333e-08,-1.23318e-32,-1.74552e-31,-7.06631e-37,-8.50399e-36,3.55395e-33,1.1817e-32,-4.37239e-32,-1.26396e-32,0.645246,0,1.64722e-62,8.99161e-64,-1.35498e-46,-1.55337e-47,
0.00062,2637.06,0.110454,101325,0.0340874,0.0102558,0.0038266,0.0125379,0.0197678,0.273702,4.16352e-06,2.80105e-07,4.94075e-32,-1.22991e-31,2.1908e-31,1.29116e-32,5.43976e-32,2.44171e-32,-2.11041e-28,-2.8517e-28,7.0966e-33,-1.20407e-31,6.95829e-33,3.39383e-34,1.21495e-33,7.27216e-44,3.06053e-42,-9.17604e-47,-3.0501e-46,1.06383e-47,8.40053e-51,1.22984e-40,2.46184e-41,-1.70898e-42,2.78432e-07,3.4191e-08,6.84854e-09,6.29093e-09,2.14064e-08,0.000422075,7.09929e-08,2.28572e-07,2.89345e-08,-3.76536e-33,3.49933e-32,2.17313e-36,1.09168e-35,1.05186e-32,8.84468e-32,-4.08546e-33,-1.06758e-33,0.645395,0,5.62193e-61,3.42962e-62,-6.02121e-46,-5.71123e-47,
0.00063,2639.69,0.110368,101325,0.0339278,0.0101311,0.00378223,0.0124592,0.0196955,0.274031,4.15694e-06,2.81532e-07,-7.49515e-32,-2.21657e-31,1.10773e-30,1.19662e-31,1.97753e-30,6.77053e-32,-2.21471e-28,-2.75974e-28,3.96252e-32,4.46491e-31,5.78568e-32,2.35227e-33,5.71751e-33,1.35352e-44,7.3522e-43,-4.14628e-47,-4.12518e-46,1.36394e-47,9.1015e-50,1.80141e-40,1.67655e-41,-3.067e-42,2.81822e-07,3.48441e-08,7.06626e-09,6.53739e-09,2.11761e-08,0.000438107,7.41388e-08,2.31436e-07,3.00322e-08,-2.21548e-33,-3.06828e-32,8.20087e-36,1.1945e-35,7.21986e-33,1.21427e-31,-4.28127e-32,-1.66147e-33,0.64553,0,9.86955e-61,6.1381e-62,-6.58846e-46,1.59639e-50,
0.00064,2642.07,0.11029,101325,0.0337827,0.0100185,0.00374204,0.0123872,0.0196291,0.27433,4.15084e-06,2.82843e-07,-8.00764e-31,-4.26529e-31,2.26288e-30,1.98516e-31,9.13083e-31,-3.31885e-31,-1.99067e-28,-2.64384e-28,-9.28446e-32,5.27476e-31,5.39284e-32,2.19975e-33,3.9796e-33,-1.99913e-43,-8.44409e-42,2.25959e-46,-2.20633e-46,2.12478e-47,5.75387e-49,-3.87577e-41,-4.44164e-41,-4.76742e-43,2.85085e-07,3.54761e-08,7.27686e-09,6.77627e-09,2.09678e-08,0.000454141,7.72738e-08,2.34071e-07,3.11257e-08,-5.48621e-33,1.28431e-31,5.10054e-36,7.54558e-37,-1.1995e-32,-7.41258e-32,4.86082e-32,1.48349e-32,0.645651,0,3.99522e-61,2.69299e-62,8.1015e-46,1.88629e-46,
0.00065,2644.23,0.11022,101325,0.0336508,0.0099169,0.00370563,0.0123212,0.0195681,0.274602,4.14518e-06,2.84044e-07,-1.76984e-30,-4.59838e-31,2.64614e-30,1.92447e-31,-3.08425e-30,-1.87035e-30,-2.052e-28,-2.60971e-28,-2.40105e-31,7.33612e-31,9.91169e-34,-7.24978e-34,-1.00588e-32,-4.19911e-43,-1.83637e-41,6.59481e-46,2.96444e-46,6.11403e-47,2.21242e-48,-7.35291e-40,-1.54744e-40,1.17337e-41,2.88233e-07,3.60882e-08,7.4805e-09,7.00753e-09,2.07793e-08,0.000470173,8.03965e-08,2.3649e-07,3.22146e-08,-1.51888e-32,8.02639e-31,-1.55962e-35,1.69724e-36,-3.9385e-32,-6.34499e-31,4.38359e-31,6.47044e-32,0.64576,0,-2.45427e-60,-1.49576e-61,4.27324e-45,3.23532e-46,
0.00066,2646.18,0.110157,101325,0.033531,0.00982508,0.00367262,0.0122609,0.0195121,0.274849,4.1399e-06,2.85143e-07,-3.41429e-30,5.32594e-32,1.45725e-30,9.67277e-32,-1.03194e-29,-3.6734e-30,-1.93684e-28,-2.58354e-28,-4.73396e-32,2.13578e-30,-1.03993e-31,-7.47219e-33,-3.77101e-32,-2.31547e-43,-1.05412e-41,6.13929e-46,5.94961e-46,1.301e-46,6.35003e-48,-1.44914e-39,-1.89145e-40,2.94883e-41,2.91278e-07,3.66814e-08,7.67738e-09,7.23124e-09,2.06086e-08,0.000486201,8.35059e-08,2.38709e-07,3.32988e-08,-3.45054e-32,1.62308e-30,-7.45348e-35,-1.32178e-36,-6.75657e-32,-1.06983e-30,6.48148e-31,1.16191e-31,0.645858,0,-6.78493e-60,-4.24318e-61,6.81815e-45,2.12693e-47,
0.00067,2647.95,0.1101,101325,0.0334223,0.00974209,0.00364267,0.0122056,0.0194607,0.275073,4.13496e-06,2.86144e-07,-5.09338e-31,-1.42888e-31,3.64771e-31,5.47705e-32,1.76865e-31,1.17397e-30,-2.02252e-28,-2.57532e-28,1.79275e-33,8.90369e-31,1.69464e-32,3.09959e-34,-3.51424e-33,4.88529e-43,1.6506e-41,6.6552e-46,1.75547e-47,2.61092e-47,8.15423e-49,2.86883e-41,1.9991e-40,2.8176e-42,2.94229e-07,3.72569e-08,7.86775e-09,7.4475e-09,2.04541e-08,0.00050222,8.66013e-08,2.40741e-07,3.43781e-08,-1.03565e-32,3.93775e-31,-8.58027e-36,5.46131e-36,2.48172e-32,1.03183e-31,-3.83785e-31,-1.42082e-32,0.645946,0,-8.32911e-61,-5.69273e-62,7.35357e-45,-2.42086e-46,
0.00068,2649.55,0.110048,101325,0.0333237,0.00966706,0.00361549,0.0121549,0.0194135,0.275276,4.13032e-06,2.87055e-07,-6.82173e-30,6.05899e-30,-6.3284e-30,-5.56981e-31,-3.77429e-30,7.34841e-30,-2.02023e-28,-2.54349e-28,1.19756e-30,4.25504e-30,-2.05008e-31,-9.28436e-33,-2.21097e-32,3.34713e-42,1.45852e-40,-3.99579e-45,-3.10767e-45,-5.9234e-46,-1.08329e-47,5.52833e-39,1.03069e-39,-1.06459e-40,2.97097e-07,3.78158e-08,8.05187e-09,7.65651e-09,2.03141e-08,0.000518229,8.96821e-08,2.42601e-07,3.54522e-08,2.61216e-32,-1.69936e-32,-4.07424e-35,5.43558e-35,-7.42029e-32,5.91367e-30,-4.2171e-30,3.59844e-32,0.646026,0,1.29063e-59,7.89536e-61,-2.73952e-44,-1.50548e-45,
0.00069,2651,0.110002,101325,0.0332343,0.00959919,0.00359081,0.0121085,0.0193702,0.275461,4.12597e-06,2.87883e-07,1.9489e-31,9.45738e-30,-1.08483e-29,-9.57133e-31,1.55504e-29,1.45291e-29,-2.046e-28,-2.48741e-28,1.6099e-30,-1.0633e-29,-1.23671e-31,2.6377e-33,7.36088e-32,-1.97294e-42,-7.5379e-41,-2.53217e-45,-2.51763e-45,-1.23182e-45,-2.87627e-47,5.40635e-39,2.04402e-40,-1.44095e-40,2.99889e-07,3.83591e-08,8.23005e-09,7.85848e-09,2.01874e-08,0.000534226,9.2748e-08,2.44301e-07,3.65213e-08,3.22074e-31,-4.46664e-30,1.16524e-34,1.04878e-34,2.69986e-31,2.73597e-30,-3.25939e-30,1.55126e-31,0.646097,0,2.89336e-59,1.82717e-60,-1.51553e-44,2.24762e-45,
0.0007,2652.31,0.109959,101325,0.0331534,0.00953778,0.00356837,0.0120658,0.0193305,0.275628,4.12186e-06,2.88633e-07,-9.91096e-30,1.925e-29,-1.84087e-29,-1.82022e-30,9.55454e-30,1.52064e-29,-1.80985e-28,-2.43358e-28,3.27941e-30,-2.30438e-29,-5.22871e-31,-1.15215e-32,9.78161e-32,-3.03178e-42,-1.51119e-40,7.12458e-45,-5.37747e-46,-2.64519e-45,-5.64951e-47,6.46837e-39,-5.78195e-40,-2.21213e-40,3.02613e-07,3.88881e-08,8.40257e-09,8.05369e-09,2.00725e-08,0.000550208,9.57989e-08,2.45853e-07,3.75852e-08,5.14193e-31,-4.59553e-30,1.44148e-34,2.0337e-34,1.99778e-31,-1.28822e-30,-2.51126e-30,8.53392e-31,0.646161,0,5.50001e-59,3.55184e-60,3.94342e-44,5.57219e-45,
0.00071,2653.5,0.109921,101325,0.0330801,0.0094822,0.00354797,0.0120266,0.0192939,0.27578,4.11798e-06,2.89311e-07,2.6365e-29,1.52567e-29,-2.21121e-29,-2.11792e-30,1.27754e-29,-3.32988e-30,-1.43332e-28,-2.44892e-28,2.75114e-30,-6.69226e-29,-5.60552e-31,-9.41347e-33,1.57872e-31,-2.33268e-41,-1.02433e-39,2.6524e-44,1.77026e-44,-3.18447e-47,-4.49496e-48,-3.69938e-38,-8.25446e-39,9.2843e-40,3.05276e-07,3.94036e-08,8.56975e-09,8.24242e-09,1.99684e-08,0.000566174,9.88347e-08,2.4727e-07,3.86439e-08,1.67079e-30,6.56023e-30,2.14869e-34,7.93514e-35,5.9349e-31,-4.67401e-29,2.21336e-29,1.51619e-30,0.646218,0,-6.54154e-59,-3.94835e-60,2.31328e-43,2.24399e-45,
0.00072,2654.57,0.109887,101325,0.0330138,0.00943188,0.0035294,0.0119906,0.0192604,0.275918,4.11431e-06,2.89923e-07,2.06362e-30,-7.77009e-31,-1.1997e-30,-1.07406e-31,2.1227e-31,1.10418e-30,-2.03596e-28,-2.4706e-28,5.96827e-31,-1.69515e-30,-4.42609e-32,-1.32939e-33,-1.53478e-34,-1.7154e-42,-8.33239e-41,7.88599e-46,-1.48856e-45,3.32507e-46,4.44266e-48,-2.58586e-41,2.08296e-39,3.49252e-41,3.07882e-07,3.99065e-08,8.73189e-09,8.42498e-09,1.9874e-08,0.000582123,1.01855e-07,2.48562e-07,3.96977e-08,2.24066e-31,7.29693e-30,3.87066e-35,-4.51484e-35,-1.80604e-31,4.09357e-31,2.85173e-30,-4.90817e-33,0.646269,0,-5.86012e-60,-4.40579e-61,7.7467e-44,1.1137e-45,
0.00073,2655.54,0.109856,101325,0.0329538,0.00938631,0.0035125,0.0119574,0.0192295,0.276043,4.11083e-06,2.90474e-07,5.11932e-31,4.64298e-32,1.40452e-31,1.6574e-32,7.45166e-31,1.8561e-31,-1.95818e-28,-2.47875e-28,-1.07947e-31,-4.37414e-31,1.57208e-32,7.68525e-34,2.21225e-33,-6.67686e-43,-2.22903e-41,-1.27411e-45,-3.56219e-46,-8.67131e-47,-4.9418e-48,-4.85813e-40,2.87355e-40,1.17138e-41,3.10438e-07,4.03979e-08,8.88928e-09,8.60167e-09,1.97884e-08,0.000598054,1.04861e-07,2.49739e-07,4.07464e-08,1.51586e-32,8.31701e-31,5.79012e-36,5.58136e-36,-7.67298e-33,-5.27976e-31,6.29845e-31,6.35951e-32,0.646314,0,-1.31796e-60,-6.72525e-62,6.94983e-45,-2.51283e-46,
0.00074,2656.41,0.109828,101325,0.0328996,0.00934503,0.00349709,0.0119268,0.0192011,0.276156,4.10751e-06,2.90969e-07,1.56122e-31,2.15987e-32,7.36288e-32,7.64607e-33,4.0962e-31,5.87871e-32,-1.9571e-28,-2.47281e-28,-4.85323e-33,-1.94732e-31,4.15399e-33,2.56772e-35,8.68245e-34,-2.59885e-43,-1.14186e-41,-1.60699e-46,-2.97592e-46,-9.60555e-47,-4.91661e-48,-2.60067e-40,-8.08975e-41,6.21047e-42,3.12949e-07,4.08786e-08,9.04222e-09,8.77281e-09,1.97108e-08,0.000613966,1.07852e-07,2.50812e-07,4.17904e-08,1.69873e-32,8.44992e-31,5.01678e-36,3.01167e-36,-7.31772e-33,-2.85035e-31,4.96147e-31,6.40091e-32,0.646355,0,-6.20639e-61,-3.60759e-62,-4.67668e-45,-3.32686e-46,
0.00075,2657.21,0.109803,101325,0.0328507,0.00930762,0.00348304,0.0118986,0.019175,0.276259,4.10436e-06,2.91412e-07,-7.98474e-32,-2.02856e-32,-6.47659e-32,-1.02277e-32,-5.46481e-31,-6.48992e-31,-2.01769e-28,-2.48839e-28,-1.47052e-32,-5.76677e-32,-2.09131e-32,-4.26844e-34,-1.79639e-33,-2.48336e-44,-1.19106e-42,-2.96726e-47,-4.72695e-47,1.57735e-47,2.83938e-49,2.92496e-41,-1.56631e-41,-8.0143e-43,3.15417e-07,4.13492e-08,9.191e-09,8.93872e-09,1.96403e-08,0.000629857,1.10829e-07,2.51789e-07,4.28295e-08,-1.71654e-33,-4.86929e-32,-4.32117e-36,-1.95203e-37,-1.40458e-33,3.19483e-32,-1.30801e-32,-8.90677e-34,0.646391,0,6.95054e-62,3.86818e-63,-3.75702e-46,-9.90674e-47,
0.00076,2657.92,0.10978,101325,0.0328066,0.00927371,0.00347021,0.0118726,0.019151,0.276352,4.10134e-06,2.91809e-07,1.69406e-31,1.82858e-32,5.46292e-32,6.58137e-33,3.97052e-31,2.75449e-31,-2.14692e-28,-2.56931e-28,4.32488e-32,1.99419e-31,1.75663e-32,8.87064e-34,1.57887e-33,2.67076e-45,-2.54536e-43,4.35833e-47,-7.1185e-47,-3.11338e-47,-2.03767e-48,-3.98924e-41,-2.27249e-41,9.01169e-43,3.17848e-07,4.18107e-08,9.33589e-09,9.09971e-09,1.95764e-08,0.000645728,1.13792e-07,2.52677e-07,4.38641e-08,5.28326e-34,-1.9232e-32,2.36138e-36,3.4516e-36,2.02916e-33,-5.4048e-32,2.37444e-32,4.59307e-33,0.646423,0,-7.47584e-62,-4.39264e-63,-5.85922e-46,-8.61227e-47,
0.00077,2658.57,0.10976,101325,0.0327668,0.00924297,0.00345849,0.0118485,0.0191288,0.276436,4.09845e-06,2.92163e-07,3.7288e-32,6.41257e-33,2.80635e-32,3.4578e-33,2.44868e-31,3.0784e-31,-2.07793e-28,-2.60535e-28,-1.28093e-33,3.91014e-32,4.59664e-33,2.23447e-34,6.35545e-34,1.70452e-44,6.75663e-43,1.90025e-47,-3.62535e-47,-2.73549e-47,-1.36728e-48,-2.06786e-41,-5.90177e-42,6.0731e-43,3.20244e-07,4.22636e-08,9.47716e-09,9.2561e-09,1.95183e-08,0.000661577,1.1674e-07,2.53486e-07,4.48942e-08,1.27943e-33,1.41064e-32,2.39812e-36,6.9833e-37,-5.85686e-34,-3.25493e-32,1.49166e-32,2.76648e-33,0.646451,0,-3.86373e-62,-2.3681e-63,9.48276e-47,1.59339e-47,
0.00078,2659.15,0.109741,101325,0.032731,0.00921509,0.00344778,0.0118262,0.0191083,0.276513,4.09568e-06,2.92477e-07,3.89096e-32,2.17034e-32,6.93107e-32,9.1156e-33,5.00403e-31,2.43788e-31,-2.06634e-28,-2.6273e-28,3.62381e-32,2.48201e-31,1.26699e-32,4.8641e-34,1.97798e-33,-2.92444e-44,-1.13786e-42,-5.60161e-47,-6.7367e-47,-1.52135e-47,-8.99579e-49,7.07785e-42,-6.38701e-42,-2.89334e-43,3.22609e-07,4.27087e-08,9.61504e-09,9.40816e-09,1.94656e-08,0.000677403,1.19675e-07,2.54221e-07,4.592e-08,2.50383e-33,5.4947e-32,2.85833e-36,2.84614e-36,5.88836e-33,8.61304e-33,2.82158e-32,5.96332e-33,0.646476,0,2.12769e-62,1.29415e-63,-1.17296e-46,-1.29245e-46,
0.00079,2659.67,0.109725,101325,0.0326988,0.00918979,0.00343797,0.0118054,0.0190894,0.276582,4.09302e-06,2.92756e-07,2.24624e-32,1.46236e-32,4.3555e-32,6.11122e-33,3.09932e-31,8.7808e-32,-2.05688e-28,-2.63857e-28,2.42922e-32,1.32903e-31,6.65903e-33,2.83265e-34,9.62407e-34,9.58169e-45,3.2912e-43,8.79332e-48,-1.59958e-47,6.25309e-49,-9.27044e-50,6.08808e-42,-6.0488e-42,-2.40511e-43,3.24944e-07,4.31464e-08,9.74978e-09,9.55619e-09,1.94177e-08,0.000693207,1.22597e-07,2.5489e-07,4.69416e-08,1.06478e-33,4.26143e-32,1.66514e-36,2.48621e-36,3.64591e-33,9.84521e-33,1.49358e-32,3.79104e-33,0.646498,0,1.79197e-62,1.16351e-63,-1.99011e-46,-5.16039e-47,
0.0008,2660.15,0.10971,101325,0.0326698,0.00916684,0.00342898,0.0117862,0.0190719,0.276645,4.09046e-06,2.93002e-07,1.13411e-31,-8.17378e-33,-5.86769e-32,-6.49138e-33,-4.28599e-31,-1.89523e-31,-2.04974e-28,-2.63021e-28,-2.5477e-32,-2.66876e-31,-9.23525e-33,-6.5451e-34,-9.11705e-34,-2.05631e-44,-8.73704e-43,-3.09166e-48,5.30026e-47,3.34582e-47,1.95274e-48,-1.86637e-41,-2.53028e-42,6.91446e-43,3.27253e-07,4.35774e-08,9.8816e-09,9.70045e-09,1.93742e-08,0.000708989,1.25506e-07,2.55498e-07,4.79591e-08,-2.63243e-33,-9.92541e-32,-4.92521e-36,-3.18038e-36,-7.00031e-33,-3.0806e-32,-2.15309e-32,-6.88327e-33,0.646517,0,-4.45491e-62,-2.92821e-63,-1.78723e-46,5.92358e-47,
0.00081,2660.57,0.109696,101325,0.0326438,0.009146,0.00342074,0.0117683,0.0190557,0.276701,4.08798e-06,2.93218e-07,-4.12869e-32,-1.09968e-32,-3.21345e-32,-4.99371e-33,-3.19823e-31,-5.60439e-31,-2.14969e-28,-2.65781e-28,1.51715e-32,4.4407e-32,-5.51528e-33,7.61488e-35,-9.42511e-35,8.63567e-45,2.91465e-43,2.98229e-48,-1.95341e-47,-2.48828e-48,2.53502e-49,6.65172e-42,2.22748e-42,-2.18642e-43,3.29538e-07,4.40022e-08,1.00107e-08,9.84121e-09,1.93346e-08,0.000724746,1.28403e-07,2.5605e-07,4.89727e-08,-3.00656e-33,-3.78942e-32,1.74332e-36,-1.11924e-36,3.2263e-33,1.29787e-32,-1.12861e-32,-3.70433e-33,0.646534,0,1.16051e-62,6.85248e-64,-1.32028e-46,-2.37268e-47,
0.00082,2660.96,0.109684,101325,0.0326205,0.00912707,0.00341317,0.0117516,0.0190407,0.276753,4.08559e-06,2.93407e-07,-5.32682e-33,1.20657e-32,7.04533e-32,7.96874e-33,5.80316e-31,5.58728e-31,-2.08623e-28,-2.69137e-28,1.65595e-32,9.4172e-32,2.55375e-33,1.15972e-33,1.38834e-33,5.8876e-46,9.94367e-44,-2.16037e-47,-4.73879e-47,-4.13978e-47,-2.22681e-48,8.9666e-43,-7.72272e-43,-7.6336e-44,3.318e-07,4.44211e-08,1.01373e-08,9.97871e-09,1.92986e-08,0.00074048,1.31288e-07,2.56552e-07,4.99825e-08,-1.17868e-33,-6.61029e-33,7.72724e-36,1.46337e-36,-3.71684e-33,-8.65168e-34,-7.77386e-33,4.46145e-35,0.646548,0,6.67745e-63,4.96456e-64,5.74801e-47,-5.42048e-48,
0.00083,2661.3,0.109673,101325,0.0325997,0.00910988,0.00340621,0.011736,0.0190268,0.276799,4.08328e-06,2.93572e-07,-2.9271e-32,-1.32075e-32,-6.85079e-32,-8.53214e-33,-5.48868e-31,-4.28899e-31,-2.10354e-28,-2.67889e-28,-1.79013e-32,-1.21056e-31,-8.15902e-33,-5.60198e-34,-1.59198e-33,-2.83934e-45,-1.86328e-43,2.53131e-47,7.96445e-47,4.33148e-47,1.65217e-48,-2.63524e-42,6.32014e-44,1.44524e-43,3.34041e-07,4.48347e-08,1.02615e-08,1.01132e-08,1.92659e-08,0.00075619,1.3416e-07,2.57008e-07,5.09887e-08,-2.76548e-35,-4.11144e-32,-4.96499e-36,-1.96195e-36,-3.81899e-35,-4.10898e-33,-9.59466e-33,-2.50693e-33,0.646561,0,-9.8717e-63,-6.59478e-64,-8.09861e-48,7.81591e-48,
0.00084,2661.61,0.109664,101325,0.032581,0.00909426,0.0033998,0.0117213,0.0190138,0.276841,4.08103e-06,2.93713e-07,-4.64772e-32,2.16034e-32,1.12724e-31,1.5111e-32,9.47389e-31,8.02823e-31,-2.17265e-28,-2.70966e-28,1.33418e-32,1.26299e-31,5.60268e-33,6.77965e-34,1.77099e-33,2.76275e-45,1.82765e-43,-3.46282e-47,-1.08579e-46,-5.92353e-47,-2.22628e-48,3.19979e-42,-1.57812e-43,-1.73638e-43,3.36264e-07,4.52433e-08,1.03836e-08,1.02448e-08,1.92361e-08,0.000771875,1.37021e-07,2.57423e-07,5.19913e-08,-6.79277e-34,2.04666e-32,5.89507e-36,2.7168e-36,-7.03673e-34,3.71198e-33,5.55643e-34,1.37476e-33,0.646571,0,1.24481e-62,8.27184e-64,7.08619e-48,-1.19271e-47,
0.00085,2661.89,0.109655,101325,0.0325644,0.00908006,0.00339389,0.0117076,0.0190017,0.27688,4.07885e-06,2.93835e-07,2.07705e-31,-4.30587e-32,-1.97342e-31,-2.88725e-32,-1.72039e-30,-1.49939e-30,-2.04774e-28,-2.71678e-28,-3.01087e-32,-1.74701e-31,-3.95542e-32,-2.46221e-34,-1.53584e-33,-8.44092e-45,-3.91979e-43,4.6245e-47,1.85454e-46,6.7442e-47,2.82497e-48,-5.15485e-42,-9.44949e-43,2.57014e-43,3.38468e-07,4.56474e-08,1.05037e-08,1.03739e-08,1.92089e-08,0.000787535,1.39872e-07,2.57799e-07,5.29905e-08,2.85431e-33,3.73114e-32,-6.7427e-36,-6.83033e-36,-7.49136e-33,-9.59183e-33,6.92861e-34,1.38014e-33,0.64658,0,-1.57577e-62,-9.85018e-64,7.93232e-48,2.67137e-47,
0.00086,2662.14,0.109647,101325,0.0325496,0.00906714,0.00338843,0.0116947,0.0189904,0.276914,4.07672e-06,2.93938e-07,6.81417e-32,2.01166e-32,5.04539e-32,7.65254e-33,3.58177e-31,4.36525e-32,-2.13963e-28,-2.70001e-28,2.67323e-32,1.08933e-31,6.49743e-33,6.64803e-34,1.39343e-33,1.00016e-45,1.59624e-44,-4.91038e-48,-7.87306e-48,1.25411e-47,4.9029e-49,-1.6044e-43,2.61328e-43,2.1162e-44,3.40656e-07,4.60471e-08,1.06219e-08,1.05005e-08,1.91842e-08,0.000803171,1.42711e-07,2.58142e-07,5.39864e-08,-1.27402e-34,-2.24602e-32,1.31049e-36,2.56453e-36,7.26887e-34,-2.59165e-34,-4.64728e-33,-1.03789e-33,0.646587,0,-1.48623e-63,-1.07222e-64,6.34143e-48,-9.3476e-48,
0.00087,2662.37,0.10964,101325,0.0325364,0.00905539,0.00338338,0.0116826,0.0189798,0.276945,4.07465e-06,2.94024e-07,1.32038e-32,-5.18062e-32,-1.55666e-31,-2.61518e-32,-1.37684e-30,-1.47925e-30,-2.15022e-28,-2.72851e-28,-2.43134e-32,-1.62051e-31,-8.93045e-33,-1.08519e-33,-3.13737e-33,9.18485e-46,4.62215e-44,-1.35073e-47,-6.79447e-47,-3.72395e-47,-1.41077e-48,1.09225e-42,9.85371e-44,-7.98258e-44,3.42828e-07,4.64429e-08,1.07384e-08,1.06249e-08,1.91617e-08,0.000818781,1.4554e-07,2.58453e-07,5.49791e-08,-7.94578e-33,-1.54595e-31,-1.34482e-36,-4.67809e-36,-1.67892e-33,2.20681e-34,-3.27818e-32,-9.84012e-33,0.646593,0,5.18864e-63,3.25096e-64,5.76569e-48,9.42765e-48,
0.00088,2662.57,0.109634,101325,0.0325248,0.0090447,0.00337871,0.0116711,0.0189699,0.276973,4.07262e-06,2.94095e-07,1.78182e-32,2.98764e-32,8.61413e-32,1.46262e-32,7.65509e-31,8.85126e-31,-2.21987e-28,-2.76325e-28,4.86579e-33,5.55038e-32,2.52522e-33,5.20305e-34,1.72981e-33,-6.52363e-46,-3.31718e-44,8.68504e-48,4.61708e-47,2.57138e-47,9.46895e-49,-8.13845e-43,-1.55485e-44,5.91543e-44,3.44985e-07,4.6835e-08,1.08534e-08,1.07472e-08,1.91411e-08,0.000834366,1.48358e-07,2.58736e-07,5.59688e-08,2.38015e-33,-1.16832e-31,-1.29509e-37,2.37255e-36,-1.30579e-33,-2.91968e-33,-5.10443e-32,-4.69438e-33,0.646598,0,-3.82461e-63,-2.39104e-64,-2.33676e-48,-7.97363e-48,
0.00089,2662.75,0.109628,101325,0.0325145,0.00903496,0.00337437,0.0116602,0.0189606,0.276999,4.07064e-06,2.94152e-07,-2.30993e-32,-1.76408e-32,-6.08771e-32,-8.36837e-33,-4.67692e-31,-2.09036e-31,-2.15743e-28,-2.78234e-28,-3.30491e-32,-1.37902e-31,-1.3889e-32,-5.71657e-34,-1.24316e-33,-1.37964e-46,-7.91076e-45,-6.11494e-48,-1.2539e-47,5.46978e-48,2.2119e-49,1.19371e-43,5.25281e-44,-6.36669e-45,3.47129e-07,4.72236e-08,1.09668e-08,1.08676e-08,1.91223e-08,0.000849926,1.51167e-07,2.58993e-07,5.69554e-08,1.45125e-33,5.16045e-32,-3.21403e-36,-2.38013e-36,8.4644e-34,8.96176e-34,2.41956e-32,2.71018e-33,0.646601,0,3.14481e-64,1.55616e-65,9.45061e-50,3.60001e-48,
0.0009,2662.91,0.109624,101325,0.0325055,0.00902608,0.00337033,0.0116499,0.0189518,0.277022,4.06869e-06,2.94196e-07,-1.06311e-32,-8.99088e-34,-5.93434e-33,-9.25831e-34,-8.02708e-32,-1.79511e-31,-2.19267e-28,-2.7864e-28,2.8586e-33,9.37457e-33,8.18941e-34,-9.29363e-35,-3.08405e-35,1.95015e-46,7.97657e-45,1.6877e-48,2.21517e-48,1.43735e-48,1.2879e-49,3.33444e-44,-1.59854e-44,-3.26677e-45,3.4926e-07,4.7609e-08,1.10788e-08,1.09862e-08,1.91052e-08,0.00086546,1.53966e-07,2.59227e-07,5.79391e-08,-5.12781e-34,-4.689e-32,-9.7595e-37,1.57982e-37,-1.46753e-33,-4.68819e-34,-1.9126e-32,-2.67897e-33,0.646604,0,2.32006e-64,1.44618e-65,-4.42625e-49,1.01312e-48,
0.00091,2663.05,0.109619,101325,0.0324975,0.00901799,0.00336657,0.0116401,0.0189435,0.277043,4.06679e-06,2.94229e-07,-6.43137e-32,-4.8576e-33,-1.33217e-32,-1.03746e-33,-4.40479e-32,1.28047e-31,-2.25635e-28,-2.81861e-28,-8.62937e-33,-4.84116e-32,-9.54423e-35,8.4376e-35,-3.31682e-34,-1.91014e-46,-9.4316e-45,3.48978e-48,1.43217e-47,5.84332e-48,2.3295e-49,-4.685e-44,3.64589e-45,4.32888e-45,3.51379e-07,4.79914e-08,1.11896e-08,1.11031e-08,1.90895e-08,0.000880968,1.56755e-07,2.5944e-07,5.892e-08,-1.1451e-33,-6.3552e-32,-3.27221e-37,-3.09417e-37,-4.39358e-33,-8.93668e-34,-2.19436e-32,-3.66696e-33,0.646605,0,-3.43729e-64,-2.008e-65,-3.51664e-49,6.82038e-48,
0.00092,2663.18,0.109615,101325,0.0324906,0.00901061,0.00336306,0.0116308,0.0189357,0.277061,4.06492e-06,2.94252e-07,1.57261e-31,1.62119e-32,4.17408e-32,5.39626e-33,2.6753e-31,7.70032e-32,-2.18933e-28,-2.84387e-28,1.07725e-32,3.51738e-32,-5.50195e-33,4.16366e-34,1.21923e-33,2.47667e-46,1.23068e-44,-4.76853e-48,-2.07847e-47,-5.48369e-48,-1.77514e-49,7.50266e-44,-1.3614e-45,-6.75416e-45,3.53487e-07,4.83711e-08,1.12992e-08,1.12185e-08,1.90751e-08,0.00089645,1.59535e-07,2.59635e-07,5.98982e-08,1.46317e-33,6.95313e-32,1.37452e-36,2.69504e-36,4.91152e-33,1.05205e-33,2.12555e-32,3.71424e-33,0.646606,0,5.40608e-64,3.0924e-65,2.77668e-49,-8.74248e-48,
0.00093,2663.29,0.109612,101325,0.0324846,0.00900387,0.00335978,0.0116219,0.0189283,0.277078,4.06308e-06,2.94265e-07,-1.35674e-31,-9.14743e-33,7.2292e-33,-7.00595e-34,1.04946e-31,2.10723e-31,-2.15932e-28,-2.81261e-28,-1.04766e-32,1.6224e-32,6.84096e-33,3.01245e-34,3.79673e-34,-2.53543e-46,-1.13191e-44,-3.75791e-48,-1.41017e-47,-2.29274e-47,-1.27659e-48,-1.0741e-43,-1.01227e-44,9.32606e-45,3.55584e-07,4.87481e-08,1.14077e-08,1.13325e-08,1.9062e-08,0.000911906,1.62306e-07,2.59812e-07,6.08737e-08,-4.43101e-34,-1.45369e-32,6.29751e-36,-1.57262e-36,-3.77828e-33,-7.56613e-34,-4.53265e-33,8.7954e-35,0.646606,0,-4.80228e-64,-3.24789e-65,5.66537e-49,-2.38006e-48,
0.00094,2663.39,0.109609,101325,0.0324795,0.00899771,0.0033567,0.0116134,0.0189213,0.277093,4.06127e-06,2.9427e-07,4.71067e-33,1.3034e-33,-2.73191e-32,-2.57513e-33,-2.60685e-31,-2.29361e-31,-2.18968e-28,-2.80818e-28,-4.58476e-33,-6.58279e-32,-5.3719e-33,-2.59454e-34,-1.19798e-33,3.10756e-46,1.47476e-44,1.84596e-47,7.5074e-47,3.91933e-47,1.46692e-48,1.22695e-43,2.62937e-44,-1.13559e-44,3.5767e-07,4.91226e-08,1.15152e-08,1.14452e-08,1.90499e-08,0.000927336,1.65069e-07,2.59973e-07,6.18467e-08,6.97715e-33,1.38193e-31,-5.83892e-36,-1.5799e-36,-1.74495e-33,2.31191e-33,1.98182e-32,7.33508e-33,0.646605,0,-2.44073e-65,2.06487e-65,-4.58945e-51,8.6455e-48,
0.00095,2663.48,0.109607,101325,0.0324751,0.00899208,0.00335382,0.0116052,0.0189146,0.277107,4.05948e-06,2.94267e-07,-3.72086e-32,-4.03198e-33,-1.15858e-32,-1.56581e-33,-9.03327e-32,-6.42492e-32,-2.24719e-28,-2.83471e-28,-2.2585e-33,5.88038e-33,2.27801e-34,-1.00001e-34,-1.55889e-34,-2.72125e-47,-1.8511e-46,-2.94709e-48,-8.14403e-48,1.61213e-48,1.23142e-50,1.01753e-45,-7.17056e-45,-5.35714e-46,3.59746e-07,4.94948e-08,1.16217e-08,1.15566e-08,1.90389e-08,0.000942739,1.67823e-07,2.60121e-07,6.28171e-08,5.02627e-37,-1.01275e-31,-4.81763e-37,2.75419e-37,-4.92448e-33,-1.19503e-33,-2.30621e-32,-4.24477e-33,0.646604,0,5.42015e-65,4.58044e-66,-2.17596e-49,-5.73311e-49,
0.00096,2663.56,0.109604,101325,0.0324714,0.00898693,0.0033511,0.0115973,0.0189082,0.27712,4.05772e-06,2.94257e-07,-1.21602e-31,-1.19183e-32,-3.45674e-32,-4.31102e-33,-2.65589e-31,-2.93505e-31,-2.32067e-28,-2.87455e-28,-8.40995e-33,-5.79264e-32,1.33592e-33,1.15044e-34,-4.33914e-34,8.86987e-47,3.04722e-45,7.93681e-48,3.39329e-47,8.37615e-48,4.42805e-49,1.4144e-44,1.19285e-44,-9.59357e-46,3.61813e-07,4.98648e-08,1.17273e-08,1.1667e-08,1.90287e-08,0.000958116,1.70568e-07,2.60255e-07,6.3785e-08,-4.19834e-33,-2.21285e-32,-2.9893e-36,-1.07606e-36,3.30127e-33,4.29584e-34,-1.21149e-32,-3.92784e-33,0.646602,0,-2.36485e-64,-1.12802e-65,3.08534e-50,2.21796e-48,
0.00097,2663.63,0.109603,101325,0.0324683,0.00898221,0.00334853,0.0115897,0.0189021,0.277131,4.05598e-06,2.94241e-07,1.07798e-31,2.5342e-32,8.16242e-32,1.02634e-32,6.35545e-31,7.10117e-31,-2.22682e-28,-2.90628e-28,2.41759e-32,1.95191e-31,-5.80663e-33,5.60463e-34,3.80939e-36,-2.05205e-47,4.74266e-46,-5.44857e-48,-2.4425e-47,-4.06719e-48,-7.65411e-49,2.22488e-44,-7.89932e-45,-2.54944e-45,3.63871e-07,5.02328e-08,1.18321e-08,1.17763e-08,1.90194e-08,0.000973466,1.73306e-07,2.60379e-07,6.47506e-08,1.26431e-32,1.4979e-31,9.68984e-36,-1.93172e-36,-6.15036e-33,4.38033e-34,2.75251e-32,1.33643e-32,0.6466,0,2.98895e-64,2.71932e-65,1.26259e-50,-3.93212e-48,
0.00098,2663.69,0.109601,101325,0.0324658,0.00897789,0.0033461,0.0115824,0.0188962,0.277141,4.05426e-06,2.94219e-07,-9.84358e-33,-2.30725e-32,-1.16471e-31,-1.42257e-32,-9.23541e-31,-7.89561e-31,-2.22678e-28,-2.8759e-28,-2.03011e-32,-2.33565e-31,-1.44686e-32,-6.21958e-34,-1.37309e-33,-1.1121e-46,-6.75616e-45,1.21072e-47,3.29769e-47,2.42444e-47,1.60487e-48,-7.85573e-44,-1.2009e-44,9.79853e-45,3.6592e-07,5.05988e-08,1.19361e-08,1.18846e-08,1.90108e-08,0.000988789,1.76035e-07,2.60492e-07,6.57137e-08,9.80767e-34,-6.45179e-32,-1.24575e-35,-4.57059e-36,-6.17336e-33,-7.47513e-34,-2.2105e-32,-4.47335e-33,0.646597,0,9.78472e-66,-1.54565e-65,5.0348e-49,3.73578e-47,
0.00099,2663.74,0.1096,101325,0.0324638,0.00897392,0.0033438,0.0115753,0.0188906,0.27715,4.05256e-06,2.94192e-07,3.2762e-32,1.57201e-33,-4.43899e-33,6.46503e-34,1.30629e-32,1.49666e-31,-2.41265e-28,-2.92444e-28,-4.50811e-33,-7.08793e-32,-5.34679e-33,-3.28584e-34,-1.98151e-34,-1.18477e-47,-5.02071e-46,-1.97085e-48,-9.16723e-49,4.3059e-48,2.75687e-49,4.17231e-45,2.44019e-45,-4.95179e-46,3.67961e-07,5.0963e-08,1.20395e-08,1.1992e-08,1.90029e-08,0.00100409,1.78756e-07,2.60595e-07,6.66746e-08,-1.12592e-33,6.88406e-32,-2.72312e-36,-1.08372e-36,-1.89466e-33,1.08466e-33,1.40286e-32,2.11189e-33,0.646594,0,-5.26941e-65,-5.09957e-66,-1.88726e-49,-8.29823e-48,
0.001,2663.78,0.109599,101325,0.0324622,0.00897028,0.00334162,0.0115684,0.0188852,0.277158,4.05088e-06,2.9416e-07,6.18074e-32,-4.55745e-34,-9.29109e-33,-2.39508e-33,-1.19432e-31,-1.5016e-31,-2.27439e-28,-2.98308e-28,-6.77212e-33,-5.13282e-32,1.48738e-33,1.39524e-34,6.77859e-35,-3.6083e-48,-3.60847e-46,3.87343e-48,1.42861e-47,1.40672e-48,-1.72391e-49,-1.83085e-44,-5.68187e-45,2.44974e-45,3.69994e-07,5.13254e-08,1.21421e-08,1.20986e-08,1.89955e-08,0.00101936,1.8147e-07,2.6069e-07,6.76332e-08,3.86766e-33,1.33201e-31,2.04799e-36,-8.06167e-37,1.76518e-33,1.43884e-33,4.16623e-32,8.13684e-33,0.64659,0,-1.39056e-64,-5.69749e-66,-3.49964e-50,3.69938e-48,
